Title,Key,Tempo
Song1,6,74.27345008
Song2,10,197.8019365
Song3,9,178.4440469
Song4,8,47.06873253
Song5,9,53.66674927
Song6,5,107.677195
Song7,4,87.7859679
Song8,13,100.9487335
Song9,5,205.0038041
Song10,5,59.91839913
Song11,13,92.69581264
Song12,10,71.22470323
Song13,8,80.96639417
Song14,1,53.09473804
Song15,12,148.0684177
